metric_type,model,target,horizon_minutes,precision,recall,f1,support,predicted_positive_count,true_positive,false_positive,false_negative,true_negative,samples
classification,persistence,traffic_burst,30,0.28493543758967,0.2830672748004561,0.28399828399828403,3508,3485,993,2492,2515,57600,63600
classification,persistence,traffic_burst,60,0.16872309899569585,0.16680851063829788,0.16776034236804566,3525,3485,588,2897,2937,57178,63600
classification,persistence,traffic_burst,90,0.11678622668579627,0.11497175141242938,0.11587188612099644,3540,3485,407,3078,3133,56982,63600
classification,persistence,traffic_burst,120,0.12395982783357246,0.12138241078954763,0.12265758091993186,3559,3485,432,3053,3127,56988,63600
classification,lstm,traffic_burst,30,0.6060991105463787,0.13597491448118587,0.2221187427240978,3508,787,477,310,3031,59782,63600
classification,lstm,traffic_burst,60,0.373134328358209,0.02127659574468085,0.040257648953301126,3525,201,75,126,3450,59949,63600
classification,lstm,traffic_burst,90,0.0,0.0,0.0,3540,0,0,0,3540,60060,63600
classification,lstm,traffic_burst,120,0.0,0.0,0.0,3559,0,0,0,3559,60041,63600
classification,persistence,future_resource_pressure,30,0.7632538104705102,0.7561135729525685,0.75966691400775,6093,6036,4607,1429,1486,56078,63600
classification,persistence,future_resource_pressure,60,0.6931742876076872,0.6801040312093628,0.6865769609451919,6152,6036,4184,1852,1968,55596,63600
classification,persistence,future_resource_pressure,90,0.6424784625579855,0.6246778350515464,0.633453119895459,6208,6036,3878,2158,2330,55234,63600
classification,persistence,future_resource_pressure,120,0.6000662690523525,0.577395185716563,0.588512470550004,6273,6036,3622,2414,2651,54913,63600
classification,lstm,future_resource_pressure,30,0.8610478359908884,0.5583456425406204,0.6774193548387096,6093,3951,3402,549,2691,56958,63600
classification,lstm,future_resource_pressure,60,0.8092439219877104,0.4923602080624187,0.6122283981808995,6152,3743,3029,714,3123,56734,63600
classification,lstm,future_resource_pressure,90,0.7691015952980689,0.4426546391752577,0.5619057356098558,6208,3573,2748,825,3460,56567,63600
classification,lstm,future_resource_pressure,120,0.731489484298473,0.4047505180934162,0.5211412151067324,6273,3471,2539,932,3734,56395,63600
