machine_id,model,horizon_minutes,samples,mae,rmse
node_1001,persistence,30,1272,412639.5883451258,662882.5375776074
node_1001,persistence,60,1272,480629.62397405657,822057.7003859883
node_1001,persistence,90,1272,498796.28608097485,848372.507946504
node_1001,persistence,120,1272,541466.0817492139,881637.792514165
node_1001,lstm,30,1272,324144.5358805031,500500.4342497161
node_1001,lstm,60,1272,354297.84052672953,594945.0002870512
node_1001,lstm,90,1272,361507.43503930815,606754.9294110136
node_1001,lstm,120,1272,374647.32946540887,616895.0325491456
node_1002,persistence,30,1272,480317.1264465408,831427.1381191293
node_1002,persistence,60,1272,597448.789158805,1058392.1593244248
node_1002,persistence,90,1272,620128.656399371,1097888.9948257867
node_1002,persistence,120,1272,601811.8599449686,1068009.3496006634
node_1002,lstm,30,1272,373019.7651336478,660425.6349970269
node_1002,lstm,60,1272,411477.9082783019,762293.4352204592
node_1002,lstm,90,1272,413507.3975393081,764775.9111279611
node_1002,lstm,120,1272,416807.25793238997,761186.6865112319
node_1003,persistence,30,1272,456463.13625393086,676737.5852027915
node_1003,persistence,60,1272,502951.8949331761,795312.2415309078
node_1003,persistence,90,1272,520808.00152122637,802273.4577188267
node_1003,persistence,120,1272,529411.7045715408,807668.1704353124
node_1003,lstm,30,1272,348673.13011792453,522140.25586089573
node_1003,lstm,60,1272,375496.9520990566,570074.0208483904
node_1003,lstm,90,1272,380028.2953144654,566441.2467320857
node_1003,lstm,120,1272,394688.56425314466,577869.6821314845
node_1004,persistence,30,1272,366906.8127122642,605204.2258534534
node_1004,persistence,60,1272,380658.8079716981,604264.8019257595
node_1004,persistence,90,1272,401568.4166194968,613840.4051875016
node_1004,persistence,120,1272,403100.9433647799,624428.6169559577
node_1004,lstm,30,1272,297460.2768081761,489117.6018207298
node_1004,lstm,60,1272,310963.55983490567,469086.2435192308
node_1004,lstm,90,1272,319890.81930817605,470634.5287273439
node_1004,lstm,120,1272,326781.7696147799,477742.38178843993
node_1005,persistence,30,1272,431632.8906367925,759527.017650078
node_1005,persistence,60,1272,517180.55534591194,986075.0752800342
node_1005,persistence,90,1272,533277.6138600628,992894.0273814921
node_1005,persistence,120,1272,554903.5514544025,1000821.8912573047
node_1005,lstm,30,1272,334278.46192216984,600149.0453682429
node_1005,lstm,60,1272,372676.6880345912,732993.6097268848
node_1005,lstm,90,1272,383087.1640801886,739284.7081609339
node_1005,lstm,120,1272,390913.9468081761,742494.2909637089
node_1006,persistence,30,1272,344731.8219339623,572174.567873716
node_1006,persistence,60,1272,358811.794418239,629112.1250747435
node_1006,persistence,90,1272,379094.4426650944,644121.9641014255
node_1006,persistence,120,1272,387317.04911949683,646314.9102538794
node_1006,lstm,30,1272,306141.8488168239,471614.65317577356
node_1006,lstm,60,1272,345927.0097995283,501487.6764983792
node_1006,lstm,90,1272,363727.6519457547,514327.5127876558
node_1006,lstm,120,1272,383019.15738207544,530577.026751194
node_1007,persistence,30,1272,431740.95279874216,694294.0837810854
node_1007,persistence,60,1272,484267.24646226416,782048.7400999373
node_1007,persistence,90,1272,503924.6906996855,818340.829443221
node_1007,persistence,120,1272,504345.106768868,804229.7473001499
node_1007,lstm,30,1272,347901.62552672956,550078.6352767834
node_1007,lstm,60,1272,368145.9782783019,580330.1664891274
node_1007,lstm,90,1272,383230.28492924524,596012.2639511847
node_1007,lstm,120,1272,405066.0825471698,617248.3015740917
node_1008,persistence,30,1272,390425.6431643082,631755.9251113135
node_1008,persistence,60,1272,431667.57666273584,707343.5368168699
node_1008,persistence,90,1272,447244.0731878931,726508.2133735683
node_1008,persistence,120,1272,453241.7307036164,729675.9811617755
node_1008,lstm,30,1272,317692.71495283017,519646.55528652447
node_1008,lstm,60,1272,338229.2803616352,539372.8570188116
node_1008,lstm,90,1272,346240.4634316038,549571.2745799872
node_1008,lstm,120,1272,351440.36536949687,556972.7065922518
node_1009,persistence,30,1272,517651.2201768868,986453.2576175247
node_1009,persistence,60,1272,548570.407134434,1057204.3560974717
node_1009,persistence,90,1272,523496.7401926101,1007207.7846368158
node_1009,persistence,120,1272,573674.540687893,1079449.5464287754
node_1009,lstm,30,1272,387138.8179284591,766311.2134098852
node_1009,lstm,60,1272,389793.2951965409,752946.525083305
node_1009,lstm,90,1272,381844.9790644654,739325.3149764163
node_1009,lstm,120,1272,397394.4549449685,739038.6623902235
node_1010,persistence,30,1272,369851.3151179246,465632.39983422804
node_1010,persistence,60,1272,397303.1752122642,501121.2954091158
node_1010,persistence,90,1272,407462.6870440251,513875.3239117432
node_1010,persistence,120,1272,413200.5268946541,524678.1537657338
node_1010,lstm,30,1272,284745.4075511006,359049.6010584792
node_1010,lstm,60,1272,296759.7207625786,371090.2930563729
node_1010,lstm,90,1272,300109.7282154088,375421.443757985
node_1010,lstm,120,1272,308760.3494732704,388176.54800448846
node_1011,persistence,30,1272,421160.0670990566,684744.5487300053
node_1011,persistence,60,1272,479458.6437971699,884338.7410013374
node_1011,persistence,90,1272,531009.9202830188,1026566.9703930061
node_1011,persistence,120,1272,545876.6141666666,1059148.2225984135
node_1011,lstm,30,1272,336666.6906053459,601468.2038200811
node_1011,lstm,60,1272,357228.30367924523,693184.4252521574
node_1011,lstm,90,1272,372995.13847484277,727642.8309760576
node_1011,lstm,120,1272,385569.43334905664,736629.4610281725
node_1012,persistence,30,1272,469010.42201650946,697981.9059753619
node_1012,persistence,60,1272,492973.756725629,744726.6246524275
node_1012,persistence,90,1272,506056.897952044,751367.601975015
node_1012,persistence,120,1272,480748.08249606914,746398.9634945847
node_1012,lstm,30,1272,342639.8008333333,530199.954322694
node_1012,lstm,60,1272,350793.4231367925,537488.8006008106
node_1012,lstm,90,1272,352711.7399685535,538684.0310872699
node_1012,lstm,120,1272,352235.9333569183,542501.2882250686
node_1013,persistence,30,1272,438294.60069575475,683618.1140739339
node_1013,persistence,60,1272,465882.7687539308,726785.5794854836
node_1013,persistence,90,1272,472272.4944064465,723693.3431454445
node_1013,persistence,120,1272,475386.91303066036,729785.3325998266
node_1013,lstm,30,1272,326503.709158805,532640.2513231565
node_1013,lstm,60,1272,329469.02205188683,515936.0321548277
node_1013,lstm,90,1272,324054.08937106916,508996.9307091204
node_1013,lstm,120,1272,323201.19413522014,508859.33271531155
node_1014,persistence,30,1272,400809.29783805035,522711.0752649531
node_1014,persistence,60,1272,445170.06618710695,587897.9153003322
node_1014,persistence,90,1272,454308.6372720126,616774.5259966496
node_1014,persistence,120,1272,472586.9250157233,642416.8724412958
node_1014,lstm,30,1272,312099.25226415094,412199.4027731619
node_1014,lstm,60,1272,323999.3330660377,441592.8500667056
node_1014,lstm,90,1272,330929.1034748428,452357.2581368953
node_1014,lstm,120,1272,340825.473404088,463180.65266445617
node_1015,persistence,30,1272,359646.8120283019,692377.3536113569
node_1015,persistence,60,1272,457217.800172956,945528.4444626268
node_1015,persistence,90,1272,482809.2642767296,994417.0328617955
node_1015,persistence,120,1272,496578.91154874215,986599.8980192709
node_1015,lstm,30,1272,332451.0461281446,555447.9322099988
node_1015,lstm,60,1272,401785.11792845913,699654.855919145
node_1015,lstm,90,1272,411681.3134040881,711754.9250366224
node_1015,lstm,120,1272,426491.7118946541,714513.8451875136
node_1016,persistence,30,1272,462640.95238600625,706521.496806561
node_1016,persistence,60,1272,492402.1073624214,778191.8564501256
node_1016,persistence,90,1272,499910.9756643081,796882.1745459584
node_1016,persistence,120,1272,505674.9918828616,790767.8385568684
node_1016,lstm,30,1272,346649.0743710692,560327.3243113653
node_1016,lstm,60,1272,352578.20827830187,578139.7408175997
node_1016,lstm,90,1272,357106.6724056603,584205.9736688464
node_1016,lstm,120,1272,362680.38039308175,590916.6293592238
node_1017,persistence,30,1272,436337.70333726413,755811.8419811062
node_1017,persistence,60,1272,524929.9202555032,1000091.7991554393
node_1017,persistence,90,1272,579487.437669025,1124433.9024872296
node_1017,persistence,120,1272,599184.1225353774,1124519.2226597695
node_1017,lstm,30,1272,357761.58242138365,640827.4885392458
node_1017,lstm,60,1272,398236.47592767293,777773.8614281643
node_1017,lstm,90,1272,416906.3322248428,809586.8259730277
node_1017,lstm,120,1272,423085.87740566034,806091.4833391432
node_1018,persistence,30,1272,413444.4726493711,687193.4189828717
node_1018,persistence,60,1272,431583.4448349056,730822.2650021797
node_1018,persistence,90,1272,417993.8194654088,702729.117782288
node_1018,persistence,120,1272,428411.6902437107,715806.6894986122
node_1018,lstm,30,1272,314041.15952830185,523055.83231954987
node_1018,lstm,60,1272,323661.35426886793,528472.5771361255
node_1018,lstm,90,1272,322183.9946698113,518362.30875826825
node_1018,lstm,120,1272,333389.8719811321,527096.6405800886
node_1019,persistence,30,1272,396348.37044025154,513957.57512239384
node_1019,persistence,60,1272,428941.29556603776,554080.3790549289
node_1019,persistence,90,1272,442705.5812735849,563231.3162800374
node_1019,persistence,120,1272,463653.4692374214,579820.4054372514
node_1019,lstm,30,1272,311203.1492295598,401884.7413686456
node_1019,lstm,60,1272,319748.4799764151,412030.4100980801
node_1019,lstm,90,1272,323063.6056525157,417945.4591762223
node_1019,lstm,120,1272,333529.62308962265,429252.2095451735
node_1020,persistence,30,1272,443270.0806682389,800941.7478307639
node_1020,persistence,60,1272,526326.1097955975,993863.071664363
node_1020,persistence,90,1272,548879.3892295598,1017800.0868246072
node_1020,persistence,120,1272,569283.6090251573,1031072.4182989615
node_1020,lstm,30,1272,342047.627456761,625701.8551014395
node_1020,lstm,60,1272,389292.4616352201,726067.7187280138
node_1020,lstm,90,1272,392835.7244811321,723284.3706177559
node_1020,lstm,120,1272,408481.8529559748,726022.9254442436
node_1021,persistence,30,1272,395287.6277869497,539537.846687573
node_1021,persistence,60,1272,412763.2373152516,563989.6327637528
node_1021,persistence,90,1272,430934.74880110053,579008.198873108
node_1021,persistence,120,1272,435795.7401926101,583453.0906404473
node_1021,lstm,30,1272,295170.4423820755,401456.86100062646
node_1021,lstm,60,1272,305327.617908805,405165.6564396336
node_1021,lstm,90,1272,314586.9846698113,411831.62656520266
node_1021,lstm,120,1272,318460.36466981133,417396.27263106324
node_1022,persistence,30,1272,507063.61001965404,679129.1681352358
node_1022,persistence,60,1272,562504.2297444969,786012.6806088246
node_1022,persistence,90,1272,608606.2045322327,845782.8980235725
node_1022,persistence,120,1272,584254.8736910378,815849.6448811187
node_1022,lstm,30,1272,392318.66847484274,551533.9333917011
node_1022,lstm,60,1272,412428.5073584906,598644.3211208271
node_1022,lstm,90,1272,421945.38566037733,616551.0097366483
node_1022,lstm,120,1272,424398.36442610057,617650.5414657269
node_1023,persistence,30,1272,427138.7654992139,733006.5871093173
node_1023,persistence,60,1272,459599.4217806604,793132.510884798
node_1023,persistence,90,1272,478949.45319575473,811543.4553592344
node_1023,persistence,120,1272,504305.2933529874,844261.9954140083
node_1023,lstm,30,1272,341899.11553066043,584717.4972374733
node_1023,lstm,60,1272,364562.76331367926,585108.8196233378
node_1023,lstm,90,1272,366396.24652515724,589100.7721943692
node_1023,lstm,120,1272,372864.85668239,593299.779232555
node_1024,persistence,30,1272,505169.2157665095,811238.0626813816
node_1024,persistence,60,1272,546092.2375196541,901785.5881488125
node_1024,persistence,90,1272,568581.4096108491,910915.1890189713
node_1024,persistence,120,1272,570255.0644221698,909522.8409787437
node_1024,lstm,30,1272,382332.4018946541,641027.4803692446
node_1024,lstm,60,1272,389496.93574685534,661596.245029859
node_1024,lstm,90,1272,393401.44097484276,669480.6429970745
node_1024,lstm,120,1272,398886.47121855343,673608.3237289224
node_1025,persistence,30,1272,374959.17983097484,530109.9316886293
node_1025,persistence,60,1272,417341.9721265723,621325.022348562
node_1025,persistence,90,1272,436932.4334787736,651085.3998376807
node_1025,persistence,120,1272,453106.88747248426,663518.0470383561
node_1025,lstm,30,1272,303167.46782232705,413768.9149574205
node_1025,lstm,60,1272,332022.9188915095,474208.95904794894
node_1025,lstm,90,1272,346261.8785849057,489624.50097723695
node_1025,lstm,120,1272,354504.2821069183,494732.97576225
node_1026,persistence,30,1272,443505.22095518874,708942.352733114
node_1026,persistence,60,1272,485991.7423152517,808797.7673958332
node_1026,persistence,90,1272,496219.59792845906,797053.0336767251
node_1026,persistence,120,1272,488934.44880896225,816736.7611658294
node_1026,lstm,30,1272,341403.7841509434,557482.4459216517
node_1026,lstm,60,1272,354214.3998663522,591868.1862760365
node_1026,lstm,90,1272,365756.61640723265,603098.9952101503
node_1026,lstm,120,1272,374945.18886792456,620191.7896824022
node_1027,persistence,30,1272,459053.21183962264,670694.963700428
node_1027,persistence,60,1272,497707.07663522015,768364.2642053369
node_1027,persistence,90,1272,490027.3771619497,740764.4575116155
node_1027,persistence,120,1272,495080.3361242138,746587.5882536982
node_1027,lstm,30,1272,340746.6408333333,509358.52013194136
node_1027,lstm,60,1272,356285.59154874214,554111.8325598908
node_1027,lstm,90,1272,358964.2625078616,554081.1546745552
node_1027,lstm,120,1272,366305.2029638365,558116.6020152904
node_1028,persistence,30,1272,367339.06249213836,683358.268743998
node_1028,persistence,60,1272,395311.464072327,731006.177982632
node_1028,persistence,90,1272,421895.95938679244,772976.9587788467
node_1028,persistence,120,1272,429168.63690251583,772849.7878637675
node_1028,lstm,30,1272,305494.6323545598,546040.5996501521
node_1028,lstm,60,1272,330765.10665880505,550942.805306228
node_1028,lstm,90,1272,356399.47902515717,568743.4885819284
node_1028,lstm,120,1272,373121.96512578614,576273.5101133701
node_1029,persistence,30,1272,361783.392327044,500867.98970434495
node_1029,persistence,60,1272,382437.982327044,543011.4441414512
node_1029,persistence,90,1272,403111.31334905664,567259.9007626342
node_1029,persistence,120,1272,412416.11637578614,572413.3725667134
node_1029,lstm,30,1272,294979.23183569184,409131.78812637995
node_1029,lstm,60,1272,311242.75015723275,425855.06684528245
node_1029,lstm,90,1272,327192.883254717,442188.6065667285
node_1029,lstm,120,1272,340546.60867138364,454776.4558072419
node_1030,persistence,30,1272,434191.13183569175,810489.3048144038
node_1030,persistence,60,1272,512238.9082350629,977218.7775779206
node_1030,persistence,90,1272,556014.0644378931,1075911.349090937
node_1030,persistence,120,1272,571339.0288718553,1077615.0852123625
node_1030,lstm,30,1272,357789.7526965409,668872.1815209886
node_1030,lstm,60,1272,388707.5092374214,742031.4118963951
node_1030,lstm,90,1272,390685.2443632076,761243.3636353526
node_1030,lstm,120,1272,399759.77231132076,763365.5573606055
node_1031,persistence,30,1272,402169.2992295598,646155.7297227955
node_1031,persistence,60,1272,476652.4801257862,823279.4102097496
node_1031,persistence,90,1272,505174.22694182396,876664.5965467978
node_1031,persistence,120,1272,509838.3044654088,871595.3166097945
node_1031,lstm,30,1272,326039.93893081765,514672.82608893525
node_1031,lstm,60,1272,359416.08062499994,614257.1224096104
node_1031,lstm,90,1272,367514.3068356918,628783.3323045265
node_1031,lstm,120,1272,375915.8474056604,628478.0630095934
node_1032,persistence,30,1272,470835.0239897799,682147.8736958333
node_1032,persistence,60,1272,532796.1213325472,820435.2090702973
node_1032,persistence,90,1272,540174.091466195,816636.5048364179
node_1032,persistence,120,1272,540338.7115762578,814519.3002537378
node_1032,lstm,30,1272,352351.14798742137,523228.0678210064
node_1032,lstm,60,1272,383893.43760220124,600214.0856586914
node_1032,lstm,90,1272,387579.5975235849,594964.4662821954
node_1032,lstm,120,1272,390958.57103773585,592423.8983900953
node_1033,persistence,30,1272,459573.5282743711,730500.0935140857
node_1033,persistence,60,1272,556015.024461478,958818.4442603455
node_1033,persistence,90,1272,595939.0499253144,1071141.4556309453
node_1033,persistence,120,1272,609201.8043042453,1081651.593070864
node_1033,lstm,30,1272,368389.2281525157,621324.0042893584
node_1033,lstm,60,1272,402004.6590801887,734149.5972592992
node_1033,lstm,90,1272,410763.2344339623,762021.6325411813
node_1033,lstm,120,1272,417197.2540487421,766416.3339400064
node_1034,persistence,30,1272,465890.0062382075,806195.2858091551
node_1034,persistence,60,1272,582214.9915133647,1088647.2915300317
node_1034,persistence,90,1272,624366.3675825472,1197345.3655236298
node_1034,persistence,120,1272,646137.3536753145,1213891.0636620775
node_1034,lstm,30,1272,377846.8908962264,674849.8828168949
node_1034,lstm,60,1272,419447.71659591194,816242.3130013508
node_1034,lstm,90,1272,436285.26477201254,851601.5072065463
node_1034,lstm,120,1272,446541.960149371,859828.2527383934
node_1035,persistence,30,1272,422917.39901336475,559934.6383527571
node_1035,persistence,60,1272,436111.3629756289,574727.7417794922
node_1035,persistence,90,1272,445355.31520047167,598106.7542693743
node_1035,persistence,120,1272,457744.33735455974,624953.7034203666
node_1035,lstm,30,1272,310625.0792531447,422080.69128307095
node_1035,lstm,60,1272,314612.6459591195,427354.2575603942
node_1035,lstm,90,1272,321134.15464622644,434972.0366141139
node_1035,lstm,120,1272,333000.32386792457,449253.37905987416
node_1036,persistence,30,1272,450092.78786556603,629252.7270046299
node_1036,persistence,60,1272,494155.4572523585,717787.399367496
node_1036,persistence,90,1272,505045.13005110057,732750.6199803909
node_1036,persistence,120,1272,532398.1807429245,754488.8000117767
node_1036,lstm,30,1272,349267.9530110063,501932.5663251808
node_1036,lstm,60,1272,360842.77186320757,536172.1442306995
node_1036,lstm,90,1272,367604.92528301885,545917.9100337885
node_1036,lstm,120,1272,374193.01208333333,553517.1925508799
node_1037,persistence,30,1272,384318.66711871064,489367.0218849885
node_1037,persistence,60,1272,395135.0303105346,500629.70312269626
node_1037,persistence,90,1272,404273.1738089623,511643.91660660366
node_1037,persistence,120,1272,407220.2362775157,519666.790729716
node_1037,lstm,30,1272,298551.14691037737,374283.49215630715
node_1037,lstm,60,1272,315768.59531446535,395391.4721657141
node_1037,lstm,90,1272,331094.97432389937,411118.6123723468
node_1037,lstm,120,1272,338158.78154874215,420294.2364777889
node_1038,persistence,30,1272,440721.80569575477,653443.8977286803
node_1038,persistence,60,1272,514564.7695794025,774583.864095171
node_1038,persistence,90,1272,525752.7207586478,788968.2625502165
node_1038,persistence,120,1272,523613.20398977987,768807.0722319315
node_1038,lstm,30,1272,349937.4626886792,511017.7562174467
node_1038,lstm,60,1272,367645.36290880496,553904.1434930905
node_1038,lstm,90,1272,367766.96330974845,549967.6425984716
node_1038,lstm,120,1272,371683.5951022012,550936.3504068038
node_1039,persistence,30,1272,464446.7706643082,787527.924369475
node_1039,persistence,60,1272,545245.6026926101,999439.9604717811
node_1039,persistence,90,1272,592338.8338797169,1092300.944244659
node_1039,persistence,120,1272,610877.7704992138,1111831.3537455732
node_1039,lstm,30,1272,365216.105,653318.5584995953
node_1039,lstm,60,1272,392191.6440172956,752805.3267006573
node_1039,lstm,90,1272,397855.9385691824,781227.6851207768
node_1039,lstm,120,1272,408365.6074528302,797358.7457085844
node_1040,persistence,30,1272,518627.822586478,928919.7044278752
node_1040,persistence,60,1272,605508.2025707548,1129832.914718783
node_1040,persistence,90,1272,628664.6089544025,1162796.0676693986
node_1040,persistence,120,1272,622484.9975707547,1150277.5598910463
node_1040,lstm,30,1272,390674.9609119497,719447.8292519868
node_1040,lstm,60,1272,417344.86949685536,811542.6115402367
node_1040,lstm,90,1272,419883.6522562894,820497.2254409263
node_1040,lstm,120,1272,414630.5871383648,821965.7883661176
node_1041,persistence,30,1272,382506.5711595912,608620.0610291684
node_1041,persistence,60,1272,408602.94858097483,662139.4863535612
node_1041,persistence,90,1272,394976.70443789306,637512.9262759815
node_1041,persistence,120,1272,410144.23745676095,650201.9714476162
node_1041,lstm,30,1272,306719.4262617925,474444.2631431953
node_1041,lstm,60,1272,321002.4757586478,491858.77900074294
node_1041,lstm,90,1272,321509.61481132073,485410.701136959
node_1041,lstm,120,1272,337815.51388757856,494914.83081876434
node_1042,persistence,30,1272,401164.6711438679,548648.3316620713
node_1042,persistence,60,1272,434137.7529834905,637671.1974928728
node_1042,persistence,90,1272,477770.7672051887,680957.6197983018
node_1042,persistence,120,1272,477132.7168671384,683542.584889858
node_1042,lstm,30,1272,322986.2078066038,449621.177633878
node_1042,lstm,60,1272,347587.3053773585,508413.77982755867
node_1042,lstm,90,1272,365242.80097484274,530771.4436443414
node_1042,lstm,120,1272,378787.8750786164,544875.7429206636
node_1043,persistence,30,1272,322130.29226611636,496089.0995473526
node_1043,persistence,60,1272,352286.1866450472,532072.6656203953
node_1043,persistence,90,1272,354496.0289878145,528818.0071460577
node_1043,persistence,120,1272,363532.58031643083,552231.6084719021
node_1043,lstm,30,1272,288200.35536556604,424718.8276477185
node_1043,lstm,60,1272,325209.1527004717,438604.3519753005
node_1043,lstm,90,1272,340284.589677673,455325.4310838804
node_1043,lstm,120,1272,356584.6766470126,472116.0043160932
node_1044,persistence,30,1272,500859.9280856918,804012.1255021724
node_1044,persistence,60,1272,604895.7534709119,1050872.2189350608
node_1044,persistence,90,1272,669760.5100117924,1207381.6415428617
node_1044,persistence,120,1272,664630.8858765722,1207699.6793953218
node_1044,lstm,30,1272,404879.84179245285,711546.5681685046
node_1044,lstm,60,1272,440484.66051886795,836047.0402008508
node_1044,lstm,90,1272,451612.1819811321,869558.8258612616
node_1044,lstm,120,1272,457343.2368003145,872486.5105133692
node_1045,persistence,30,1272,299581.6306878931,378963.27463871974
node_1045,persistence,60,1272,311658.885279088,385762.5327713621
node_1045,persistence,90,1272,327561.1009551886,412274.8614720649
node_1045,persistence,120,1272,339634.95248034585,422050.759302452
node_1045,lstm,30,1272,255914.81973270443,311293.32818149653
node_1045,lstm,60,1272,280227.81512185535,338260.54960888345
node_1045,lstm,90,1272,295157.6921933963,356245.7683554839
node_1045,lstm,120,1272,307346.9004874214,369321.8232999048
node_1046,persistence,30,1272,580735.1061438681,1044407.6214284027
node_1046,persistence,60,1272,709018.0131328617,1338590.9223169126
node_1046,persistence,90,1272,735550.301529088,1379900.6608796977
node_1046,persistence,120,1272,748098.6084630503,1369649.4095371559
node_1046,lstm,30,1272,448212.46729559754,853115.6479825831
node_1046,lstm,60,1272,483624.19531446544,980758.4320189003
node_1046,lstm,90,1272,481920.10871855344,996463.6072964204
node_1046,lstm,120,1272,490315.6530503144,1000428.5124874766
node_1047,persistence,30,1272,466258.51742924534,773388.5490261607
node_1047,persistence,60,1272,561707.1402594339,976821.2706792931
node_1047,persistence,90,1272,641998.2841037735,1109452.6084974348
node_1047,persistence,120,1272,631773.5227122641,1086173.8123154687
node_1047,lstm,30,1272,390920.6538954402,670854.9277534909
node_1047,lstm,60,1272,425830.4109866352,776799.3342269744
node_1047,lstm,90,1272,442936.4740644654,821021.7894129147
node_1047,lstm,120,1272,449714.52831761003,825187.1979149827
node_1048,persistence,30,1272,424809.95036163524,536585.1937831183
node_1048,persistence,60,1272,429236.32397798746,543525.107776592
node_1048,persistence,90,1272,441686.3082075471,563220.1799619484
node_1048,persistence,120,1272,452272.65238207544,565539.210356677
node_1048,lstm,30,1272,314172.02018081764,396451.17729148763
node_1048,lstm,60,1272,322251.3977987421,402413.3142771184
node_1048,lstm,90,1272,327063.38112421386,411405.8990084081
node_1048,lstm,120,1272,338730.7876336478,423440.3440906295
node_1049,persistence,30,1272,503963.5233687107,930964.0164196701
node_1049,persistence,60,1272,571892.2780621068,1099651.0445408025
node_1049,persistence,90,1272,577271.5755699684,1119992.5466254037
node_1049,persistence,120,1272,559577.2145165096,1044893.9070774023
node_1049,lstm,30,1272,381284.9014701258,735750.0424633286
node_1049,lstm,60,1272,387520.6947562893,795280.6997289921
node_1049,lstm,90,1272,399673.1999292453,810772.4483498676
node_1049,lstm,120,1272,404798.5809591195,817186.1929041373
node_1050,persistence,30,1272,493571.3175471698,840422.5038281849
node_1050,persistence,60,1272,593850.665172956,1097144.777371313
node_1050,persistence,90,1272,632846.2466666667,1207173.114212014
node_1050,persistence,120,1272,641552.5641902516,1231254.343074398
node_1050,lstm,30,1272,383434.92996069184,712866.3359336085
node_1050,lstm,60,1272,423663.0366352202,855747.4328757391
node_1050,lstm,90,1272,430045.61799528304,892171.3262093003
node_1050,lstm,120,1272,436395.1276257862,896363.0191736758
