model,target,horizon_minutes,samples,mae,rmse,r2
persistence,cpu_usage_percent,30,63600,3.6924737421383647,4.632515985947905,0.8522102499330603
persistence,cpu_usage_percent,60,63600,4.499933647798742,5.647669033833629,0.7808395471373433
persistence,cpu_usage_percent,90,63600,5.142526257861636,6.448660424128663,0.7149043175272899
persistence,cpu_usage_percent,120,63600,5.699539779874214,7.15907975501595,0.6496283832481656
lstm,cpu_usage_percent,30,63600,3.950485547780691,4.956209840565031,0.8308352650346004
lstm,cpu_usage_percent,60,63600,4.641819891091112,5.828218568543836,0.7666029442061516
lstm,cpu_usage_percent,90,63600,5.168602309917953,6.49862923133065,0.7104689514514623
lstm,cpu_usage_percent,120,63600,5.625741263321212,7.0801918519517475,0.6573075253110432
persistence,memory_usage_percent,30,63600,0.5305555031446542,0.6936948346246393,0.9949601108299447
persistence,memory_usage_percent,60,63600,0.8322377358490566,1.114206010839645,0.9869912336064863
persistence,memory_usage_percent,90,63600,1.1149556603773583,1.5036688036496542,0.9762974074731474
persistence,memory_usage_percent,120,63600,1.3903338050314464,1.8751207344776295,0.9631244355440872
lstm,memory_usage_percent,30,63600,0.9711401374385042,1.2339201496660557,0.9840537643661036
lstm,memory_usage_percent,60,63600,1.1234208304423208,1.4649247267841938,0.9775127814874122
lstm,memory_usage_percent,90,63600,1.2780444702916178,1.710282476117998,0.969336116011176
lstm,memory_usage_percent,120,63600,1.4386262017304041,1.95605952047362,0.959872293721872
